Protein_ID,AAO_1,AAO_2,AAO_3,AAO_4,AAO_5,AAO_6,AAO_7,AAO_8,AAO_9,AAO_10,AAO_11,AAO_12,AAO_13,AAO_14,AAO_15,AAO_16,AAO_17,AAO_18,AAO_19,AAO_20
Q55055,-109,-156,-257,-212,-419,-171,-125,-332,-127,-195,-165,-184,-215,-308,-316,-193,-162,-517,-270,-147
Q04959,64,-382,-315,-423,-507,-59,-292,-85,-385,-399,-370,-261,-265,-449,112,-18,-115,-601,-277,-263
Q08429,-75,-107,-101,-139,-256,-55,-55,-199,-89,-180,-169,-65,-106,-194,-163,-55,-77,-288,-124,-131
Q83GS8,-694,-1116,-886,-1034,-2111,-956,-709,-1647,-1370,-722,-869,-816,-1121,-1376,-1496,-783,-755,-2609,-1357,-746
Q8G864,-326,-477,-683,-631,-1152,-428,-395,-838,-781,-573,-458,-523,-592,-757,-1004,-544,-558,-1392,-743,-564
P16169,-155,-432,-141,-251,-798,-307,-329,-391,-340,-367,-439,-338,-390,-393,-593,-182,-151,-369,-201,-335
Q01464,-188,-399,-378,-376,-594,-357,-267,-404,-493,-191,-229,-323,-239,-451,-538,-257,-257,-898,-490,-200
P10547,3,-383,-222,-404,-1108,-1,-52,-415,-555,-696,-751,-106,-605,-1048,253,173,177,-1211,-721,-375
P02983,95,-1085,-952,-1426,-788,-809,-1283,-318,-1104,110,76,-1149,149,141,-821,-132,-166,-458,-393,13
P81715,-61,-372,-223,-349,-1049,-258,-321,-377,-399,-420,-443,-333,-412,-514,-506,9,-40,-881,-378,-254
P54571,-84,-798,-680,-881,-760,-593,-698,-582,-819,-109,-149,-605,-76,-414,-765,-210,-88,-930,-520,-102
Q03377,-115,-140,-157,-142,-292,-119,-81,-225,-137,-168,-156,-115,-136,-184,-235,-122,-94,-304,-123,-161
P54422,-66,-590,-534,-687,-1214,-383,-526,-569,-651,-665,-555,-496,-418,-864,-685,-175,-235,-1261,-742,-494
Q9S4K9,-140,-665,-577,-683,-769,-560,-554,-684,-629,-458,-459,-578,-470,-642,-770,-409,-385,-1075,-581,-388
Q48919,217,-376,-285,-326,-609,-162,-139,-238,-489,-483,-521,-216,-358,-700,411,74,31,-834,-568,-286
O50515,-3,-126,-115,-129,-219,-65,-55,-151,-143,-115,-118,-82,-91,-203,-194,-54,-51,-283,-208,-90
Q05523,-69,-307,-273,-353,-851,-178,-242,-447,-427,-388,-356,-131,-194,-520,-492,-102,-50,-789,-424,-286
P28611,-34,-307,-309,-394,-583,-226,-223,-307,-396,-124,-147,-208,-19,-320,-445,-151,-134,-619,-336,-124
P35865,0,-1125,-813,-1316,-817,-911,-1156,-411,-1122,113,-55,-959,-99,125,-920,-216,-229,-553,-357,23
P35166,-163,-320,-299,-335,-711,-119,-118,-642,-450,-416,-415,-176,-246,-589,-458,-55,-131,-902,-482,-281
Q93QY7,-217,-923,-1097,-1365,-1668,-844,-1037,-1138,-1167,-341,-262,-896,-285,-501,-1426,-484,-438,-1385,-636,-300
Q8GJ44,-184,-779,-123,-562,-1334,-408,-601,-314,-782,-812,-950,-525,-731,-890,-936,36,32,-1099,-577,-595
Q5YLG1,-216,-917,-551,-812,-1633,-649,-801,-796,-880,-1055,-965,-703,-801,-1014,-1050,-264,-377,-1440,-684,-795
P42237,54,-1090,-889,-1425,-729,-848,-1255,-305,-1123,108,53,-1115,116,152,-808,-197,-179,-486,-383,-28
P29094,-409,-614,-362,-382,-1362,-471,-507,-644,-343,-755,-591,-654,-553,-492,-775,-404,-490,-583,-322,-656
Q933K8,85,-364,-312,-370,-832,-107,-135,-233,-554,-735,-681,-233,-416,-907,-407,-12,-188,-1039,-714,-498
P22637,-14,-343,-326,-467,-872,-329,-372,-282,-531,-560,-545,-357,-389,-714,-454,-48,-66,-949,-576,-384
Q9RC92,-226,-325,-251,-325,-810,-191,-197,-515,-322,-489,-464,-228,-333,-446,-585,-162,-191,-684,-261,-433
P45618,-97,-250,-186,-189,-401,-160,-146,-235,-260,-122,-202,-111,-154,-254,-269,-123,-86,-477,-287,-93
Q828D2,-183,-124,-259,-252,-716,-71,-79,-506,-398,-395,-431,31,-305,-592,-398,-219,-239,-835,-517,-316
P12669,-67,-151,-114,-131,-238,-76,-73,-228,-147,-139,-148,-91,-86,-174,-188,-27,-46,-281,-140,-101
P39755,-146,-1317,-1007,-1490,-1114,-1067,-1294,-770,-1165,68,131,-1172,190,17,-1182,-255,-294,-960,-398,-207
P46921,-24,-479,-524,-657,-695,-433,-550,-322,-645,71,34,-514,-13,-107,-443,-190,-120,-373,-268,26
P53627,-187,-521,-422,-586,-1257,-429,-405,-678,-656,-923,-860,-410,-566,-1035,-579,-164,-199,-1220,-732,-640
O32885,-293,-381,-510,-471,-1155,-247,-178,-866,-669,-626,-619,-292,-503,-992,-985,-342,-421,-1307,-818,-604
P39128,-67,-502,-490,-701,-759,-423,-606,-392,-658,48,23,-500,-29,51,-451,-179,-112,-321,-192,-17
P71756,-273,-168,-448,-450,-909,-343,-252,-628,-433,-346,-358,-321,-357,-536,-719,-368,-321,-962,-457,-405
P39597,-8,-307,-274,-279,-772,-133,-221,-360,-407,-430,-378,-245,-268,-547,-393,-68,-109,-856,-530,-322
Q08002,-288,-376,-140,-344,-902,-176,-160,-667,-397,-598,-566,-196,-344,-691,-619,-65,-185,-1067,-523,-461
P19571,-312,-537,-144,-285,-1165,-463,-517,-466,-284,-582,-541,-577,-402,-363,-695,-276,-313,-475,-185,-544
Q55242,-85,-803,-180,-479,-1887,-314,-189,-932,-976,-1207,-1359,-224,-1018,-1675,-309,192,234,-2145,-1253,-809
P06535,-191,-198,-169,-189,-438,-83,-111,-381,-160,-254,-216,-159,-134,-288,-370,-128,-114,-483,-204,-239
P38037,-140,-74,-135,-151,-267,-103,-102,-218,-138,-127,-148,-48,-105,-209,-218,-113,-99,-274,-178,-113
P80734,-32,-116,-134,-138,-232,-52,-58,-227,-132,-160,-148,-51,-95,-207,-160,-39,-70,-307,-154,-108
P07373,-270,-799,-849,-1091,-902,-716,-899,-648,-834,-134,-97,-775,-121,-194,-935,-387,-427,-762,-486,-222
P35594,-535,-590,-955,-861,-2114,-484,-296,-1420,-1305,-858,-910,-381,-851,-1724,-1564,-666,-756,-2498,-1561,-850
Q9EYW6,-120,-116,-82,-134,-236,-40,-93,-220,-76,-131,-120,-110,-77,-154,-220,-67,-43,-265,-93,-112
Q9ZN78,52,-97,-288,-219,-564,-101,-94,-283,-257,-319,-294,-169,-228,-420,-420,-64,-162,-637,-373,-236
Q46337,-235,-993,-1272,-1314,-2165,-966,-908,-1105,-1280,-1243,-1202,-1000,-1080,-1689,-1518,-771,-663,-2574,-1541,-836
Q2FV54,-203,-664,-667,-934,-1146,-478,-681,-849,-710,-296,-253,-514,-233,-351,-765,-251,-200,-892,-368,-281
P34956,-399,-1367,-1127,-1562,-1497,-1094,-1335,-1015,-1098,-362,-324,-1271,-113,-210,-1274,-574,-431,-906,-433,-363
P12921,-153,-151,-192,-268,-431,-114,-149,-340,-220,-219,-229,-155,-130,-300,-321,-140,-119,-488,-239,-193
P17670,-149,-375,-192,-326,-570,-207,-235,-358,-287,-341,-306,-208,-320,-382,-460,-232,-237,-510,-321,-299
P29958,-1,-426,-565,-593,-1632,-159,-416,-634,-839,-972,-728,-456,-594,-1017,-683,-174,-378,-1244,-785,-680
P21938,-228,-480,-451,-478,-1157,-367,-362,-593,-488,-731,-627,-385,-495,-679,-804,-377,-388,-1093,-563,-609
P11931,-1034,-1611,-1496,-1610,-2910,-1399,-1141,-2349,-1775,-1408,-1561,-1103,-1483,-1891,-2401,-1344,-1226,-2779,-1701,-1379
P42450,-248,-751,-755,-867,-1756,-577,-648,-1130,-968,-1047,-1023,-651,-789,-1436,-1241,-532,-537,-1935,-1235,-828
Q7TWW7,-319,-711,-693,-745,-1195,-593,-526,-895,-816,-689,-769,-521,-542,-1076,-1043,-489,-446,-1376,-909,-576
O32221,-27,-88,-99,-111,-148,-54,-58,-142,-130,-85,-114,-49,-100,-175,-172,-57,-36,-271,-166,-47
Q10900,-201,-1811,-1800,-2164,-2723,-1342,-1512,-1918,-2350,-1034,-1314,-1611,-1017,-2131,-2147,-643,-590,-3551,-2289,-687
P65563,-91,-299,-273,-333,-310,-253,-267,-239,-284,-27,-17,-268,-19,-23,-256,-128,-118,-198,-108,-58
A9Q0M7,-6,-75,4,-92,-119,-43,-63,-9,-75,-98,-106,-29,-70,-117,-134,-4,-19,-118,-86,-73
Q9LAB5,-89,-179,-81,-215,-363,-101,-136,-244,-167,-208,-262,-69,-147,-270,-308,-59,-37,-444,-192,-137
P45706,-16,-416,-403,-559,-467,-316,-462,-207,-490,-27,37,-377,-47,-75,-368,-128,-121,-422,-264,-42
A5H1G9,6,-134,-115,-144,-119,-99,-113,-117,-158,-39,-70,-97,-51,-134,-154,-32,-20,-197,-118,-20
Q09T02,-30,-89,-75,-71,-87,-51,-55,-123,-116,-62,-69,-74,-43,-129,-93,-17,-6,-160,-112,-41
Q9KJT6,-27,-269,92,-221,-506,-73,-215,-155,-130,-396,-444,-201,-297,-347,-370,90,28,-460,-60,-273
P32396,-292,-504,-631,-640,-898,-437,-442,-802,-560,-536,-525,-483,-530,-691,-744,-421,-450,-1016,-581,-494
P0A618,-74,-234,-199,-219,-417,-118,-143,-265,-278,-130,-115,-102,-147,-173,-242,-144,-108,-362,-210,-89
P21543,-634,-1376,-842,-1136,-2718,-992,-1144,-1272,-1058,-1641,-1591,-1265,-1258,-1500,-1640,-621,-669,-1840,-1025,-1338
P09879,-115,-198,-117,-205,-433,-67,-98,-407,-282,-212,-221,-113,-132,-391,-334,-55,-35,-589,-313,-128
Q03091,-104,-194,-148,-259,-538,-99,-141,-312,-278,-403,-372,-125,-255,-430,-342,-46,-104,-547,-301,-318
P15698,-209,-339,-206,-339,-774,-281,-351,-348,-451,-470,-451,-288,-406,-589,-462,-52,-77,-795,-435,-334
Q56198,-9,-327,-376,-409,-619,-344,-334,-245,-378,-256,-294,-398,-370,-436,-459,-243,-200,-708,-447,-205
Q97II1,-304,-701,-632,-716,-1051,-596,-515,-685,-640,-479,-626,-518,-577,-874,-946,-435,-491,-1345,-794,-484
P35804,-15,-230,-214,-293,-333,-158,-223,-165,-284,-251,-294,-211,-169,-300,-339,-44,-66,-460,-255,-168
P0A566,25,-64,-45,-81,-187,28,-20,-87,-109,-122,-132,-37,-61,-175,-171,10,-16,-245,-156,-91
O31749,-91,-300,-374,-410,-625,-321,-359,-356,-453,-215,-277,-297,-272,-564,-608,-222,-236,-851,-531,-193
P80172,-226,-344,-255,-368,-788,-164,-212,-575,-454,-398,-467,-225,-256,-630,-630,-155,-136,-956,-487,-298
P33251,-166,-660,-477,-744,-705,-489,-571,-424,-393,-35,-39,-559,-9,-73,-569,-212,-167,-513,-325,-110
P15363,-285,-384,-166,-344,-867,-211,-232,-612,-447,-492,-507,-174,-351,-535,-631,-120,-153,-911,-453,-408
Q59112,-44,-237,-210,-237,-452,-151,-148,-240,-302,-201,-249,-169,-150,-384,-300,-99,-74,-557,-346,-134
P14319,-3,-234,-230,-295,-202,-194,-235,-131,-229,3,0,-192,-23,-79,-258,-71,-46,-178,-132,-4
P30345,-14,-105,-142,-188,-141,-106,-142,-116,-187,-110,-78,-115,-76,-196,-117,-63,-56,-239,-180,-78
P32397,-198,-379,-444,-454,-931,-405,-340,-475,-424,-451,-381,-392,-473,-519,-546,-216,-260,-853,-377,-341
O34767,-152,-383,-252,-373,-847,-172,-227,-435,-418,-376,-431,-258,-298,-518,-414,-116,-106,-881,-437,-258
Q99027,-587,-805,-1023,-1250,-1803,-623,-804,-1571,-1039,-462,-429,-879,-377,-801,-1567,-697,-473,-1921,-831,-509
P77949,-216,-283,-202,-257,-432,-254,-241,-295,-285,-278,-333,-171,-284,-319,-362,-194,-138,-577,-340,-213
O34360,-73,-171,-112,-194,-304,-87,-109,-218,-173,-192,-185,-90,-128,-222,-263,-63,-89,-324,-155,-167
P33247,-448,-829,-876,-989,-1174,-719,-745,-1048,-724,-899,-813,-845,-668,-1004,-1089,-535,-589,-1237,-731,-864
Q8NNK2,-205,-465,-271,-406,-654,-275,-319,-511,-438,-201,-232,-327,-90,-295,-422,-145,-116,-553,-266,-222
Q04942,-220,-255,-384,-344,-563,-282,-250,-573,-311,-195,-234,-280,-172,-449,-563,-302,-234,-754,-438,-222
P29148,-160,-597,-77,-307,-1340,-292,-409,-437,-563,-743,-744,-292,-570,-768,-675,-77,-59,-1008,-396,-490
Q9L4Q8,-540,-685,-818,-796,-1459,-589,-467,-1180,-866,-738,-820,-509,-603,-954,-1278,-695,-603,-1451,-866,-727
P33379,-157,-231,-177,-271,-1282,7,172,-824,-641,-973,-963,283,-580,-1280,-206,221,3,-1576,-1045,-682
P39774,-844,-771,-446,-901,-2099,-409,-383,-1855,-872,-852,-848,-348,-604,-990,-1652,-383,-451,-2107,-668,-881
Q1AU26,-854,-1337,-1334,-1384,-2222,-1069,-983,-1699,-1562,-1126,-1376,-1028,-1062,-1793,-1887,-928,-862,-2730,-1707,-967
Q9K6W0,-75,-322,-16,-139,-1051,-36,-81,-425,-619,-399,-465,-22,-327,-687,-663,86,143,-1115,-555,-343
P14677,-262,-614,-414,-658,-1807,-312,-470,-807,-966,-617,-724,-215,-560,-1071,-883,-203,-194,-1608,-615,-535
Q46336,-39,-55,-70,-104,-169,-47,-46,-120,-79,-159,-153,-57,-105,-146,-112,-29,-57,-191,-96,-123
P35829,-21,-397,-121,-420,-749,-275,-310,-529,-526,-477,-559,-221,-377,-738,-607,56,83,-1125,-560,-250
Q831U3,-490,-1238,-1297,-1337,-2338,-977,-922,-1810,-1576,-1155,-1023,-933,-1271,-1635,-1880,-997,-976,-2606,-1697,-1040
P68782,-233,-787,-797,-961,-818,-732,-884,-483,-772,-53,-107,-713,-152,-169,-801,-421,-348,-607,-467,-152
P45855,33,-617,-558,-659,-866,-424,-510,-463,-654,-491,-525,-501,-337,-802,-783,-274,-299,-1173,-750,-360
P36497,-506,-1080,-1093,-1517,-1924,-876,-1205,-1397,-1381,-521,-543,-1032,-578,-924,-1880,-505,-588,-1887,-1168,-635
A1R7K6,-497,-754,-971,-911,-1672,-768,-648,-1273,-918,-902,-813,-718,-847,-1149,-1151,-792,-804,-1573,-1059,-888
Q53728,-104,-585,-458,-557,-894,-396,-426,-635,-733,-752,-717,-456,-505,-1032,-634,-81,-210,-1349,-856,-545
Q9KWM4,-32,-65,-17,-58,-84,-20,-22,-83,-62,-67,-67,-36,-33,-95,-93,-7,-18,-121,-79,-52
P39129,-29,-542,-519,-736,-765,-452,-634,-414,-670,67,34,-542,13,34,-471,-207,-78,-348,-242,24
P85147,4,-75,-44,-91,-77,-66,-70,19,-83,-119,-117,-58,-80,-108,-110,-6,-53,-108,-89,-85
O30417,-6,-1110,-755,-1273,-837,-901,-1118,-442,-1049,53,-102,-919,-113,100,-912,-190,-238,-584,-344,2
P54264,-337,-390,-423,-411,-871,-216,-227,-638,-437,-492,-454,-237,-362,-630,-679,-301,-338,-897,-517,-443
P17893,-130,-199,-238,-258,-466,-189,-185,-347,-296,-187,-196,-175,-155,-370,-400,-163,-165,-569,-378,-187
Q2SS99,-712,-1181,-965,-1195,-2108,-1058,-815,-1709,-1421,-731,-899,-877,-1166,-1426,-1666,-866,-822,-2691,-1433,-777
P0C0N4,-175,-303,-278,-439,-384,-235,-312,-420,-308,55,29,-206,-26,-37,-412,-163,-95,-426,-110,-33
Q2FWV6,-47,-80,-59,-140,-218,-36,-51,-203,-140,-125,-90,-28,-57,-184,-184,-5,-40,-287,-139,-92
O32083,-46,-193,-146,-243,-582,-109,-172,-316,-289,-312,-324,-66,-231,-371,-375,-20,-35,-531,-238,-238
P23532,-3,-99,-105,-112,-235,-11,-18,-151,-104,-140,-104,-51,-35,-187,-213,-43,-59,-272,-154,-112
A0JSV8,-465,-733,-797,-791,-1523,-731,-615,-1112,-878,-840,-834,-657,-858,-957,-1308,-694,-726,-1489,-964,-839
P22266,59,-267,-243,-266,-479,-158,-204,-197,-353,-347,-325,-197,-264,-473,-288,16,-17,-658,-390,-251
P27623,-128,-166,-253,-237,-367,-221,-193,-307,-238,-132,-180,-185,-181,-225,-343,-198,-154,-458,-239,-104
P96614,-664,-709,-919,-983,-1465,-668,-764,-1293,-956,-828,-826,-548,-705,-1214,-1350,-586,-642,-1929,-1233,-730
Q53591,-269,-687,-380,-575,-1974,-289,-414,-1037,-858,-1085,-1055,-313,-691,-1351,-1136,-103,-94,-1658,-824,-854
O53441,-217,-673,-659,-747,-1073,-629,-547,-779,-619,-640,-656,-601,-530,-886,-1007,-470,-477,-1401,-827,-522
P54423,-227,-872,-568,-804,-1957,-665,-700,-970,-1035,-1069,-1179,-559,-959,-1382,-1165,-51,-340,-2039,-1075,-732
A5U127,-103,-282,-251,-292,-458,-221,-232,-277,-386,-137,-193,-183,-182,-262,-281,-171,-150,-493,-347,-120
P38578,-15,-94,-43,-93,-97,-56,-78,-26,-106,-89,-89,-53,-43,-131,-111,-6,-36,-165,-115,-54
P35825,-249,-1191,-768,-1164,-2150,-820,-710,-1706,-1740,-1273,-1396,-789,-999,-2008,-1796,-107,50,-3094,-1718,-684
P96710,-68,-1084,-911,-1372,-579,-858,-1231,-422,-1078,25,-21,-1110,70,104,-813,-204,-213,-435,-380,-81
Q02VB0,-489,-628,-483,-679,-1704,-346,-445,-1227,-778,-798,-728,-479,-563,-915,-1100,-408,-471,-1416,-664,-777
Q7NAT8,-272,-415,-508,-472,-945,-324,-255,-664,-531,-352,-345,-239,-293,-536,-680,-404,-365,-1018,-481,-378
P22821,-96,-297,-313,-426,-281,-256,-318,-333,-331,-21,-55,-282,-47,-193,-293,-169,-75,-419,-221,-25
O33702,51,-178,-187,-208,-246,-147,-157,-129,-211,-213,-201,-156,-170,-271,-167,-29,-17,-365,-236,-114
Q9ZBM2,-57,-336,-426,-570,-463,-343,-433,-400,-471,-85,-72,-325,-59,-149,-415,-140,-134,-491,-234,-99
P07515,-3,-114,-110,-127,-202,-59,-58,-140,-141,-105,-111,-73,-86,-193,-194,-52,-48,-266,-200,-86
P16304,-234,-293,-301,-293,-571,-252,-202,-501,-395,-242,-303,-188,-326,-489,-525,-274,-288,-738,-467,-277
P24012,-221,-517,-411,-586,-479,-428,-474,-393,-352,-99,-111,-488,-107,-24,-583,-235,-181,-357,-158,-149
P59934,-130,-739,-632,-622,-1087,-546,-387,-704,-841,-535,-595,-458,-496,-1006,-852,-440,-346,-1514,-879,-460
A6QH29,-103,-114,339,249,-1039,314,253,-338,-98,-883,-890,168,-553,-1003,-493,160,-111,-1232,-694,-727
P46815,-25,-37,-111,-142,-606,66,89,-362,-257,-354,-331,17,-238,-511,-381,-25,-103,-706,-407,-279
P68802,-110,-169,-141,-182,-327,-117,-89,-279,-204,-173,-167,-89,-115,-208,-226,-56,-70,-371,-169,-120
P59076,-514,-928,-843,-870,-1798,-764,-599,-1392,-1014,-851,-901,-617,-835,-1060,-1351,-770,-683,-1505,-958,-871
P54582,-207,-973,-884,-1137,-1184,-731,-896,-753,-1074,-319,-339,-826,-252,-462,-1021,-313,-255,-1021,-652,-277
Q06539,-136,-452,-416,-425,-826,-389,-335,-409,-538,-426,-516,-325,-350,-620,-730,-277,-250,-986,-535,-313
P72058,-38,-777,-894,-1097,-1166,-585,-778,-832,-928,-476,-442,-748,-312,-741,-896,-290,-186,-1276,-680,-303
Q8NNK5,59,-270,-226,-307,-502,-134,-219,-133,-374,-314,-305,-198,-191,-481,-337,-68,-92,-608,-408,-226
P59959,-138,-354,-398,-371,-572,-351,-292,-377,-437,-231,-302,-261,-285,-453,-524,-257,-231,-803,-429,-199
P65565,-76,-280,-206,-327,-281,-252,-304,-252,-247,-15,0,-283,43,-93,-358,-100,-105,-335,-184,-64
Q08788,-67,-249,-355,-277,-509,-210,-238,-306,-238,-266,-223,-336,-211,-312,-237,-195,-201,-470,-313,-227
P11018,-59,-510,-208,-343,-744,-427,-495,-297,-505,-418,-534,-435,-449,-562,-558,-38,-169,-786,-389,-332
P39071,-53,-563,-517,-664,-590,-533,-620,-484,-495,-403,-415,-561,-356,-565,-832,-271,-297,-837,-598,-282
P37487,-129,-382,-319,-303,-689,-269,-192,-564,-444,-289,-290,-193,-279,-445,-523,-192,-161,-877,-430,-205
P24301,-120,-195,-198,-182,-345,-145,-99,-214,-253,-146,-190,-73,-175,-286,-257,-131,-123,-408,-276,-81
P40943,-171,-444,-238,-413,-870,-291,-373,-546,-499,-468,-489,-332,-382,-534,-588,-255,-253,-750,-372,-385
P54146,-51,-880,-684,-890,-817,-657,-784,-325,-733,-310,-337,-737,-234,-339,-839,-227,-244,-783,-498,-238
P0A5S6,-343,-497,-509,-600,-751,-569,-515,-690,-475,-394,-432,-508,-492,-590,-743,-314,-358,-1031,-605,-354
P10424,-53,-349,-324,-389,-725,-269,-328,-459,-503,-405,-368,-251,-325,-623,-524,-140,-76,-885,-546,-305
P26900,-128,-440,-401,-439,-770,-376,-356,-485,-513,-360,-404,-375,-290,-602,-570,-197,-144,-954,-460,-243
O53077,-35,-129,-131,-126,-230,-62,-68,-194,-184,-90,-122,-83,-85,-238,-210,-75,-57,-307,-207,-63
P45741,-43,-364,-350,-380,-771,-160,-243,-514,-488,-423,-367,-248,-234,-574,-399,-80,-140,-801,-419,-273
P45829,-199,-634,-466,-704,-678,-501,-576,-441,-425,3,5,-552,7,10,-525,-243,-175,-419,-311,-94
P50847,26,-573,-506,-654,-600,-412,-515,-360,-607,-189,-202,-433,-112,-425,-515,-173,-103,-768,-485,-121
Q9AGY7,-23,-285,-256,-296,-395,-229,-197,-310,-250,-128,-197,-242,-175,-364,-428,-148,-158,-674,-359,-145
Q82K53,-309,-673,-899,-1129,-3287,-531,-388,-1373,-1748,-1365,-1835,-260,-1468,-2552,-970,-773,-816,-3746,-2381,-984
Q93M42,-396,-816,-599,-629,-1773,-437,-567,-1195,-746,-970,-860,-575,-779,-1072,-1030,-386,-255,-1654,-851,-784
P0A4N3,-54,-519,-496,-733,-738,-468,-643,-403,-684,40,45,-535,30,5,-496,-200,-103,-298,-237,18
Q6E3K9,-120,-250,-176,-268,-447,-159,-163,-383,-348,-259,-265,-191,-180,-418,-399,-69,-79,-610,-349,-185
P0A3G5,-100,-252,-179,-324,-897,84,-62,-566,-428,-404,-382,-74,-270,-668,-634,3,-24,-1049,-498,-315
P39694,-28,-111,-132,-202,-396,-18,-37,-266,-264,-210,-222,-29,-158,-372,-223,-25,-64,-518,-323,-153
Q9RLV9,-165,-294,-178,-323,-618,-167,-223,-419,-272,-355,-348,-193,-278,-344,-434,-98,-181,-655,-221,-294
P00691,-368,-804,-313,-523,-1576,-556,-641,-620,-589,-863,-850,-707,-631,-682,-977,-308,-309,-914,-444,-742
P35160,-99,-242,-222,-222,-477,-162,-190,-305,-277,-162,-158,-102,-212,-168,-250,-158,-131,-427,-253,-118
Q83FF5,-327,-480,-708,-677,-1138,-492,-441,-827,-754,-580,-441,-562,-587,-716,-1023,-556,-588,-1375,-708,-568
O34310,-64,-258,-143,-239,-391,-143,-173,-171,-277,-261,-319,-146,-219,-363,-388,-43,-39,-511,-289,-183
P39790,-83,-267,-107,-282,-539,-167,-193,-222,-292,-345,-409,-111,-357,-404,-276,2,-30,-590,-241,-238
P0A5P0,-91,-268,-308,-275,-635,-244,-167,-419,-239,-336,-301,-277,-246,-355,-490,-228,-196,-572,-331,-269
Q03Q83,-709,-981,-1087,-1021,-1810,-809,-704,-1350,-1204,-987,-1115,-810,-862,-1361,-1460,-854,-683,-2058,-1326,-839
P00469,-352,-461,-386,-429,-826,-335,-400,-647,-387,-427,-451,-376,-392,-483,-670,-382,-327,-745,-416,-434
Q08291,-184,-433,-378,-372,-648,-297,-313,-613,-395,-287,-241,-336,-260,-478,-654,-241,-275,-876,-434,-349
P07343,-180,-642,-780,-750,-1228,-574,-544,-971,-743,-637,-526,-633,-511,-945,-1205,-471,-471,-1423,-976,-599
P0A3Q0,-307,-454,-500,-525,-1050,-332,-338,-773,-510,-655,-525,-384,-488,-577,-708,-274,-402,-890,-417,-602
O34853,-179,-301,-286,-350,-494,-189,-209,-488,-303,-158,-182,-234,-114,-250,-469,-161,-97,-460,-167,-143
P0A0C1,-261,-268,-379,-345,-888,-202,-149,-649,-372,-450,-368,-265,-342,-473,-613,-267,-289,-778,-336,-406
P32959,-127,-373,-381,-429,-1035,-225,-324,-510,-504,-493,-409,-315,-337,-589,-513,-157,-128,-805,-397,-387
P34024,-192,-299,-182,-333,-581,-167,-241,-467,-280,-302,-283,-157,-185,-306,-454,-86,-70,-556,-214,-240
P37608,-492,-1033,-999,-1433,-1857,-770,-1096,-1350,-1302,-436,-431,-950,-539,-791,-1767,-485,-577,-1773,-1042,-578
P00644,-82,-138,-232,-292,-446,-131,-180,-343,-301,-271,-250,-96,-210,-315,-390,-121,-145,-470,-220,-194
P11540,-70,-105,-85,-77,-183,-42,-42,-165,-124,-90,-92,-76,-69,-129,-172,-62,-55,-194,-105,-82
P0A4Y0,-154,-480,-560,-660,-595,-435,-473,-691,-572,-271,-212,-493,-153,-465,-785,-238,-198,-1007,-482,-157
Q2FZL3,-211,-290,-71,-330,-782,-94,-192,-548,-325,-473,-496,-110,-281,-539,-568,-53,-77,-870,-348,-367
Q53778,-331,-500,-285,-507,-1300,-175,-159,-989,-477,-637,-546,-159,-403,-592,-970,-182,-248,-1184,-306,-547
Q44052,-83,-585,-239,-470,-1107,-352,-490,-477,-711,-666,-668,-457,-509,-831,-698,-29,-69,-965,-583,-477
P16397,-376,-1456,-769,-1236,-2946,-965,-1058,-1396,-1773,-1768,-1904,-920,-1430,-2333,-1755,-63,-439,-3144,-1786,-1234
P42175,-440,-825,-773,-955,-2404,-540,-557,-1085,-973,-1339,-1398,-662,-801,-1537,-1250,-566,-487,-1757,-1098,-1087
P12012,8,-818,-736,-935,-778,-621,-756,-471,-815,-59,-75,-623,-13,-437,-720,-263,-147,-996,-628,-42
Q03424,138,-306,-221,-406,-558,-238,-302,-143,-482,-449,-468,-233,-346,-641,-478,64,50,-794,-479,-260
P16400,-74,-133,-511,-512,-721,-231,-320,-612,-254,-298,-126,-463,-224,-416,-470,-280,-247,-708,-493,-235
Q2G1N7,-223,-161,-145,-263,-532,-83,-108,-568,-208,-185,-208,-45,-123,-269,-470,-121,-122,-570,-150,-199
Q45479,-174,-399,-400,-486,-456,-389,-458,-304,-389,-43,-90,-396,-184,-7,-489,-256,-252,-258,-179,-118
P26235,-85,-755,-816,-1023,-770,-726,-843,-443,-873,131,126,-755,-23,-20,-772,-264,-248,-725,-498,82
P15555,-80,-399,-343,-410,-920,-251,-375,-416,-500,-452,-376,-350,-315,-553,-414,-139,-122,-792,-363,-338
Q2RKV6,-373,-550,-521,-606,-846,-343,-423,-734,-553,-634,-579,-454,-470,-694,-767,-395,-448,-931,-539,-556
P96501,37,-343,4,-201,-806,-19,-240,-315,-536,-323,-363,-193,-211,-623,-656,46,28,-918,-547,-258
Q59118,-411,-679,-572,-735,-1558,-521,-545,-977,-654,-810,-884,-597,-694,-950,-742,-320,-282,-1527,-727,-608
P81102,-14,-163,-257,-225,-435,-166,-152,-315,-240,-248,-207,-183,-173,-303,-270,-148,-134,-446,-271,-156
P07883,-176,-272,-108,-199,-657,-176,-205,-277,-278,-374,-405,-159,-268,-329,-281,-118,-69,-359,-181,-288
Q5HJF4,-335,-634,-498,-609,-1478,-392,-375,-1007,-724,-837,-811,-405,-463,-1037,-1127,-364,-316,-1585,-703,-701
P46033,-243,-602,-544,-550,-1000,-513,-418,-682,-600,-667,-642,-469,-509,-723,-738,-365,-419,-1081,-599,-571
Q47N75,-453,-548,-549,-608,-1123,-434,-367,-839,-632,-564,-562,-403,-468,-671,-857,-471,-448,-1132,-657,-562
Q45068,-53,-742,-689,-909,-871,-545,-707,-526,-785,-205,-280,-570,-146,-345,-839,-253,-180,-878,-472,-169
Q8RP81,-381,-906,-773,-853,-1251,-744,-689,-893,-983,-753,-859,-634,-766,-1132,-1214,-523,-570,-1646,-1052,-722
Q8G4V2,-333,-729,-714,-684,-1630,-614,-506,-1114,-876,-677,-650,-503,-704,-902,-1302,-623,-608,-1518,-825,-621
P43163,54,-190,-149,-251,-372,-88,-155,-166,-250,-350,-329,-159,-221,-395,-232,35,-44,-521,-296,-224
P0A5T0,-157,-206,-310,-219,-467,-247,-204,-361,-305,-148,-234,-211,-194,-378,-363,-227,-160,-581,-304,-132
P0A668,-42,-213,-110,-202,-350,-101,-162,-211,-245,-182,-181,-153,-160,-323,-230,-31,-29,-499,-268,-124
P39046,-50,-656,-31,-509,-959,-121,-447,-603,-789,-682,-829,-146,-787,-1021,-323,148,252,-1413,-656,-485
O05724,-220,-294,-239,-226,-440,-232,-152,-384,-284,-241,-302,-145,-264,-349,-363,-258,-232,-500,-284,-213
P11701,-190,-744,-84,-363,-1575,-265,-325,-809,-780,-993,-1108,-293,-791,-1232,-888,53,29,-1662,-893,-684
P36921,-130,-189,-207,-287,-441,-157,-168,-253,-274,-219,-273,-107,-262,-377,-376,-194,-184,-360,-274,-217
Q4JVH7,-466,-837,-816,-806,-1244,-705,-676,-977,-897,-804,-912,-657,-832,-1150,-1105,-545,-534,-1528,-1020,-699
P50846,28,-235,-274,-281,-324,-168,-180,-227,-342,-161,-172,-191,-126,-307,-255,-89,-75,-516,-326,-95
P19080,-58,-88,-131,-153,-238,-38,-58,-226,-146,-103,-101,-69,-42,-219,-161,-55,-27,-304,-182,-60
P43440,-197,-657,-601,-827,-840,-531,-681,-608,-735,-75,-38,-593,-74,-165,-746,-146,-110,-774,-376,-109
Q8Y960,-175,-110,-114,-205,-632,99,38,-525,-252,-350,-290,25,-156,-510,-453,-42,-112,-712,-361,-268
P00649,-68,-171,-138,-207,-325,-118,-143,-233,-198,-186,-216,-132,-140,-235,-268,-54,-29,-382,-179,-139
Q45588,-84,-205,-191,-249,-413,-141,-106,-313,-233,-243,-239,-128,-154,-331,-341,-83,-80,-477,-252,-166
O34777,-98,-72,-129,-149,-386,-34,-22,-306,-125,-148,-98,-44,-87,-232,-304,-77,-84,-396,-217,-152
P40411,-46,-636,-710,-941,-729,-548,-758,-531,-768,-68,-12,-630,-47,-300,-742,-228,-227,-762,-504,-99
O06493,-23,-990,-859,-1149,-843,-768,-1001,-478,-985,-52,-92,-850,-62,-191,-898,-256,-197,-746,-420,-34
P0A609,-67,-326,-118,-257,-493,-272,-282,-118,-246,-306,-320,-208,-286,-434,-243,-61,-72,-680,-412,-200
P50738,-116,-347,-393,-489,-459,-287,-339,-408,-301,-84,-49,-286,-29,-58,-448,-202,-173,-355,-67,-87
P0C0P9,-119,-148,-46,-172,-357,-50,-117,-223,-117,-231,-241,-120,-126,-234,-284,-52,-65,-357,-145,-185
A5U697,79,-74,-114,-132,-502,84,33,-275,-283,-321,-249,-2,-117,-464,-351,26,-47,-613,-379,-240
Q03VA1,-266,-415,-507,-489,-1164,-252,-170,-859,-677,-615,-587,-320,-505,-968,-1013,-363,-424,-1296,-826,-597
Q8EUR6,-894,-1438,-1432,-1403,-2859,-1240,-970,-1813,-1787,-1401,-1548,-983,-1531,-1991,-2336,-1179,-1176,-3062,-1903,-1248
P33113,-284,-275,-456,-491,-1052,-173,-254,-785,-389,-197,-213,-419,-163,-571,-863,-248,-274,-1066,-542,-285
Q5HKP9,-99,-145,-161,-226,-187,-120,-142,-246,-170,-12,-43,-135,-16,-83,-220,-94,-39,-193,-79,-18
P47481,-478,-655,-1000,-831,-2323,-656,-336,-1369,-1259,-622,-748,-432,-704,-1509,-1356,-651,-721,-2611,-1408,-625
P22094,27,-574,-425,-610,-402,-450,-567,-177,-478,-122,-137,-513,-123,-76,-462,-184,-166,-420,-264,-81
A6QIG2,-383,-465,-215,-581,-1232,-305,-394,-934,-628,-673,-844,-119,-493,-967,-991,-148,-137,-1552,-696,-497
P55111,-29,-455,-108,-292,-1011,-231,-340,-310,-526,-591,-616,-264,-439,-739,-606,2,-29,-1055,-447,-405
A5U654,-49,-315,-260,-309,-545,-255,-246,-200,-332,-220,-289,-254,-283,-438,-455,-168,-108,-680,-415,-194
P26829,-224,-535,-500,-546,-1032,-398,-349,-675,-458,-458,-544,-379,-439,-769,-812,-312,-306,-1217,-678,-353
Q4A6A2,-747,-1179,-901,-1108,-2069,-1034,-791,-1639,-1400,-665,-867,-831,-1149,-1390,-1594,-825,-807,-2601,-1369,-747
P0A672,-130,-166,-223,-173,-478,-105,-57,-378,-223,-158,-183,-137,-121,-355,-314,-121,-120,-531,-292,-129
O32271,-169,-501,-393,-511,-975,-455,-375,-636,-619,-350,-465,-313,-419,-723,-728,-294,-320,-1205,-637,-287
P37957,-43,-232,-183,-288,-408,-155,-253,-212,-202,-209,-161,-215,-142,-307,-302,-76,-113,-506,-252,-150
Q83GH3,-402,-629,-728,-720,-1419,-712,-554,-1029,-743,-800,-755,-638,-767,-930,-1188,-633,-648,-1339,-871,-735
O52866,-120,-336,-422,-408,-608,-318,-408,-478,-179,-382,-275,-484,-299,-319,-455,-282,-296,-513,-349,-310
P19579,-156,-259,-296,-408,-841,-157,-216,-553,-376,-457,-496,-141,-294,-613,-549,-146,-167,-976,-459,-313
P22629,7,-168,-79,-171,-268,-79,-127,-156,-233,-183,-211,-119,-133,-255,-242,25,7,-354,-206,-121
O33635,-207,-858,-131,-933,-2566,-62,-427,-1333,-1197,-1694,-1828,45,-1279,-2125,-1227,141,189,-2698,-1239,-1186
P39570,-74,-666,-543,-826,-705,-493,-648,-399,-664,86,-10,-540,-29,-35,-660,-173,-137,-548,-256,-13
Q06852,-343,-2053,-2112,-2281,-4971,-481,-566,-2363,-2443,-2957,-2905,-1079,-2140,-4206,355,780,570,-5885,-3578,-1490
P42252,-131,-461,-550,-632,-508,-406,-472,-493,-485,-8,-29,-432,-77,42,-513,-248,-179,-453,-192,-54
O07628,-72,-117,-156,-157,-160,-62,-70,-217,-128,-99,-70,-98,-37,-139,-179,-93,-74,-223,-102,-90
P42086,-37,-802,-730,-1000,-701,-638,-815,-393,-795,-13,-78,-736,-72,-227,-596,-204,-138,-921,-518,6
P35154,-310,-294,-293,-267,-728,-138,-93,-684,-366,-202,-196,-147,-206,-386,-554,-268,-232,-778,-355,-247
Q11010,-401,-904,-708,-836,-1814,-522,-534,-1404,-936,-894,-829,-625,-762,-1012,-1271,-247,-338,-1726,-859,-753
Q04707,-280,-665,-550,-837,-1890,-442,-669,-874,-1075,-790,-846,-476,-668,-1129,-904,-303,-307,-1465,-652,-663
Q10744,-238,-429,-322,-378,-972,-206,-247,-750,-501,-587,-523,-246,-346,-627,-756,-210,-213,-987,-499,-480
O07151,-672,-988,-1172,-1071,-2072,-911,-620,-1556,-1177,-980,-1135,-699,-909,-1400,-1639,-887,-859,-2169,-1220,-1009
P0C1D7,-98,-678,-397,-678,-1228,-406,-517,-422,-724,-864,-852,-560,-600,-901,-813,-97,-295,-1199,-677,-660
Q07428,-86,-128,-178,-159,-292,-120,-87,-194,-228,-96,-177,-78,-103,-245,-243,-107,-86,-366,-222,-87
O07002,-36,-1153,-839,-1357,-858,-934,-1187,-451,-1113,57,-89,-985,-98,52,-956,-234,-260,-574,-361,0
P0A574,-89,-526,-533,-571,-722,-510,-506,-429,-625,-446,-497,-489,-374,-672,-737,-242,-262,-1052,-654,-349
O34559,-115,-302,-313,-372,-745,-163,-180,-414,-338,-430,-336,-229,-213,-464,-483,-133,-186,-652,-309,-346
P0C2S1,-211,-961,-644,-814,-1788,-684,-802,-869,-1018,-1189,-1092,-739,-848,-1226,-1054,-237,-325,-1732,-785,-887
P45702,-394,-690,-593,-807,-1415,-400,-448,-938,-743,-906,-890,-583,-592,-1001,-1061,-287,-380,-1527,-758,-728
P25953,-150,-213,-358,-396,-769,-202,-227,-511,-439,-293,-272,-270,-208,-546,-504,-189,-185,-887,-497,-250
P19580,-283,-450,-433,-555,-967,-278,-294,-790,-576,-433,-525,-320,-302,-708,-734,-290,-253,-1154,-569,-350
P56968,-234,-353,-465,-423,-642,-336,-284,-493,-344,-327,-353,-281,-298,-424,-457,-283,-290,-696,-393,-274
P46712,-322,-908,-853,-836,-1312,-858,-677,-930,-1073,-764,-811,-595,-752,-1120,-1218,-621,-667,-1737,-1139,-603
P08954,-209,-317,-167,-307,-618,-174,-224,-497,-298,-313,-310,-147,-200,-372,-492,-97,-85,-642,-249,-257
Q2QBT0,-22,-71,-31,-56,-47,-44,-52,-64,-84,-61,-68,-32,-42,-96,-81,-1,2,-129,-95,-52
P13375,-335,-876,-711,-835,-1402,-696,-670,-956,-822,-758,-717,-716,-683,-841,-1177,-572,-607,-1492,-871,-693
P46339,7,-450,-459,-694,-717,-419,-571,-379,-637,112,99,-480,26,22,-436,-154,-72,-338,-229,17
Q9ZFB5,-198,-568,-588,-766,-643,-432,-569,-611,-587,97,24,-468,42,-80,-608,-274,-147,-657,-215,11
P0C0I6,-236,-202,-32,-151,-542,-114,-120,-367,-190,-234,-266,-21,-215,-254,-408,-68,-83,-541,-132,-233
Q53062,-1,-458,-463,-473,-813,-413,-332,-453,-448,-273,-296,-352,-324,-592,-570,-240,-235,-955,-506,-233
P13267,-841,-1313,-1461,-1492,-3249,-950,-926,-2413,-1528,-1458,-1449,-931,-1289,-2012,-2372,-1163,-1159,-3529,-1808,-1469
Q2NJZ2,-763,-1225,-968,-1214,-2127,-1068,-833,-1814,-1437,-795,-961,-891,-1172,-1427,-1732,-874,-862,-2732,-1467,-830
P75361,-520,35,-538,-770,-2710,708,1045,-2506,-931,-1077,-461,641,-779,-2407,-3295,-546,-857,-3562,-2060,-1320
P0C0H0,-265,-447,-576,-711,-676,-534,-645,-712,-493,-169,-203,-520,-191,-136,-754,-356,-303,-440,-265,-201
P12876,-161,-109,-171,-203,-368,-159,-154,-242,-250,-174,-264,-4,-219,-322,-311,-159,-134,-436,-296,-104
P32081,-69,-85,-83,-100,-170,-50,-50,-102,-119,-113,-135,-49,-103,-120,-146,-57,-61,-213,-136,-87
P29767,-267,-785,-319,-653,-1801,-408,-516,-860,-1025,-980,-1008,-519,-789,-1332,-980,-32,-82,-1854,-967,-681
Q3AB78,-14,-354,-299,-310,-672,-233,-119,-401,-507,-295,-342,-128,-277,-571,-588,-210,-243,-862,-597,-208
Q88Z97,-574,-1060,-988,-1030,-2016,-875,-668,-1569,-1273,-926,-1009,-699,-903,-1317,-1571,-890,-790,-1804,-1194,-870
P06546,-338,-949,-390,-296,-2137,-462,-340,-1166,-1267,-1078,-1289,-280,-850,-1553,-1449,-173,-151,-2385,-1198,-721
P42177,-114,-280,-390,-484,-429,-264,-344,-348,-323,-59,-49,-287,-19,-95,-402,-153,-112,-293,-122,-49
P54559,65,-926,-849,-1325,-702,-772,-1176,-274,-927,118,115,-1021,152,189,-745,-163,-177,-298,-323,36
P50849,-601,-1171,-1308,-1262,-2199,-1000,-776,-1535,-1673,-1029,-1326,-880,-968,-1853,-1779,-884,-799,-2789,-1752,-853
P0C046,-17,-64,-48,-50,-210,46,12,-147,-91,-115,-106,-25,-42,-156,-170,5,-26,-231,-122,-95
P0C0J0,-161,-364,-218,-383,-798,-211,-275,-361,-384,-504,-531,-241,-328,-517,-562,-84,-196,-840,-379,-400
P45870,-105,-26,-125,-144,-392,85,19,-314,-134,-181,-151,20,-93,-270,-199,-62,-51,-392,-203,-145
O53079,-174,-545,-442,-525,-956,-310,-375,-691,-651,-505,-630,-374,-386,-878,-780,-184,-187,-1373,-745,-347
P22222,-226,-548,-329,-600,-1033,-318,-450,-521,-643,-750,-750,-453,-590,-942,-703,-152,-222,-1199,-681,-559
P15917,-614,-633,-395,-622,-1762,-268,-181,-1409,-747,-918,-869,-291,-571,-1171,-1318,-253,-464,-1966,-893,-785
P81101,-213,-314,-263,-319,-711,-207,-194,-539,-432,-309,-378,-129,-305,-595,-579,-222,-217,-844,-567,-294
Q6TYB1,-108,-173,-146,-238,-593,-86,-106,-414,-176,-288,-261,-70,-175,-302,-335,-74,-117,-492,-201,-270
Q05622,-179,-344,-146,-248,-588,-200,-146,-549,-354,-307,-356,-238,-230,-478,-460,-14,-69,-804,-372,-228
P22326,-362,-603,-597,-666,-1224,-451,-455,-833,-752,-566,-524,-408,-521,-753,-1066,-464,-426,-1292,-759,-577
P0A5P2,-28,-103,-146,-199,-198,-116,-132,-178,-173,-90,-76,-116,-75,-170,-156,-59,-32,-255,-158,-61
O34742,2,-373,-412,-545,-594,-344,-456,-309,-532,49,15,-423,0,-97,-445,-142,-95,-378,-235,17
P82594,-38,-319,-206,-317,-565,-203,-262,-284,-296,-401,-420,-253,-291,-442,-360,-6,-64,-562,-277,-289
O33654,-31,-772,-690,-955,-823,-568,-747,-571,-852,-128,-176,-594,-105,-341,-762,-200,-118,-814,-500,-112
P39141,-62,-685,-605,-824,-722,-493,-623,-524,-735,-147,-176,-528,-81,-299,-766,-217,-210,-825,-450,-88
P29141,-131,-847,-283,-570,-1640,-632,-713,-627,-873,-757,-969,-579,-815,-1019,-854,53,-145,-1617,-682,-486
A6QG59,-82,-82,-83,-186,-341,-45,-75,-253,-153,-212,-198,-27,-120,-255,-234,-40,-44,-387,-177,-143
Q9Z4Q7,-33,-255,-222,-261,-438,-165,-151,-295,-320,-210,-267,-150,-160,-402,-213,-58,-41,-602,-325,-135
P04957,-207,-300,-161,-260,-633,-229,-267,-260,-283,-347,-342,-203,-241,-224,-383,-92,-90,-326,-128,-267
P39116,-103,-480,-83,-281,-708,-331,-379,-201,-432,-383,-527,-277,-441,-543,-558,-6,-44,-708,-359,-315
P0A4N1,-120,-662,-652,-874,-948,-509,-719,-543,-820,2,5,-629,-24,-26,-666,-258,-178,-532,-298,-44
Q04FF6,-357,-804,-776,-805,-1717,-679,-548,-1204,-960,-711,-754,-546,-817,-1020,-1387,-706,-687,-1708,-885,-706
P39045,-41,-508,-361,-539,-991,-241,-346,-533,-691,-549,-532,-342,-357,-810,-612,-45,-105,-1206,-671,-385
P02968,21,-390,-1,-239,-862,-49,-299,-341,-590,-362,-389,-233,-264,-658,-707,33,19,-978,-565,-284
P0A5Q4,-55,-217,-185,-227,-416,-74,-142,-322,-218,-222,-242,-117,-157,-275,-267,-68,-58,-478,-194,-166
O69282,-391,-704,-648,-809,-1334,-541,-587,-897,-811,-770,-726,-480,-629,-988,-999,-433,-456,-1463,-908,-686
P33673,-21,-176,-123,-203,-539,-106,-154,-262,-288,-357,-350,-78,-214,-436,-352,-26,-79,-614,-333,-281
Q5HKQ0,-282,-400,-517,-748,-631,-504,-613,-679,-431,-137,-178,-483,-138,-95,-659,-319,-320,-400,-197,-214
P80696,-6,-99,-64,-113,-94,-69,-91,1,-107,-102,-105,-57,-66,-128,-120,-19,-46,-139,-92,-73
O52351,-393,-838,-712,-1087,-1290,-556,-882,-816,-1055,-59,-202,-726,-139,-305,-1044,-355,-303,-1115,-512,-248
Q10765,-1118,-1701,-1690,-1698,-3354,-1599,-1108,-2596,-2036,-1447,-1657,-1188,-1646,-2070,-2639,-1533,-1367,-3028,-1849,-1425
P95246,-195,-448,-329,-471,-981,-268,-364,-515,-505,-613,-590,-361,-441,-604,-353,-142,-159,-849,-478,-459
Q98R33,-611,-860,-855,-892,-1816,-813,-692,-1393,-924,-1041,-1017,-727,-940,-1163,-1484,-760,-821,-1707,-986,-989
P09333,-165,-1111,-549,-747,-1890,-640,-547,-1302,-1380,-1043,-1317,-468,-888,-1706,-1355,-46,39,-2545,-1425,-536
P39802,-105,-123,-182,-185,-346,-111,-93,-234,-225,-67,-121,-114,-94,-238,-252,-108,-89,-422,-239,-62
P26831,-540,-1158,-549,-846,-3299,-361,-160,-2074,-1692,-1734,-1771,-495,-1199,-2420,-2316,-304,-531,-3574,-1912,-1343
Q8EWP5,-287,-393,-322,-355,-714,-297,-252,-504,-513,-288,-420,-237,-277,-501,-545,-273,-176,-784,-471,-196
P41019,-178,-505,-490,-549,-879,-450,-369,-539,-559,-425,-526,-369,-428,-718,-733,-319,-297,-1030,-634,-370
P47437,-756,-1254,-984,-1204,-2101,-1093,-834,-1770,-1464,-732,-901,-867,-1210,-1403,-1716,-870,-869,-2708,-1414,-775
O34344,-19,-183,-145,-219,-371,-79,-108,-318,-256,-197,-196,-60,-114,-304,-334,-28,-69,-485,-238,-121
P39843,81,-1031,-918,-1425,-751,-849,-1277,-275,-1079,127,105,-1141,134,155,-775,-172,-184,-289,-385,-1
P39793,-407,-739,-279,-320,-2329,-303,-288,-933,-1117,-1103,-1285,-345,-992,-1630,-1130,-175,-355,-2069,-1049,-976
Q44856,-106,-221,-174,-197,-328,-139,-104,-290,-185,-165,-180,-90,-150,-187,-291,-135,-115,-379,-207,-101
P0A5L8,-218,-253,-222,-313,-543,-164,-158,-454,-239,-281,-272,-206,-229,-350,-446,-164,-95,-609,-267,-253
P53663,-184,-249,-37,-66,-871,185,-4,-511,-260,-653,-588,-143,-365,-549,-241,-37,-162,-803,-243,-515
P0A5B7,-161,-117,-128,-128,-450,-137,-77,-276,-179,-193,-222,-84,-185,-224,-200,-80,-126,-411,-248,-141
P23648,-130,-274,-252,-316,-653,-183,-208,-389,-414,-279,-297,-127,-232,-484,-436,-114,-106,-706,-361,-223
O31097,-163,-375,-180,-277,-780,-184,-204,-404,-357,-549,-557,-213,-362,-618,-546,-72,-179,-887,-460,-412
Q9AGJ6,-442,-766,-767,-840,-1477,-681,-580,-1028,-947,-946,-955,-595,-725,-1119,-1020,-518,-531,-1478,-970,-812
P0A312,-22,-93,-31,-94,-144,-40,-67,-49,-67,-116,-112,-68,-65,-103,-143,-16,-27,-144,-65,-80
Q07833,-953,-1105,-993,-1540,-4731,-695,-966,-2121,-1695,-2823,-2632,-1079,-2188,-3104,-2868,-241,-403,-4223,-1764,-2158
O53078,47,-212,-290,-264,-664,-194,-158,-366,-323,-300,-305,-234,-211,-492,-390,-169,-173,-697,-443,-188
P0A4G4,-91,-365,-254,-322,-651,-169,-192,-451,-330,-272,-303,-128,-283,-439,-472,-137,-146,-792,-359,-247
O31652,-33,-717,-737,-961,-655,-706,-879,-502,-771,-106,-74,-747,-152,-192,-663,-317,-288,-395,-387,-117
P81100,-96,-190,-83,-123,-377,-119,-128,-190,-215,-220,-238,-128,-176,-293,-337,-40,-64,-465,-256,-174
P39603,-41,-146,-166,-212,-167,-137,-151,-206,-111,-22,-10,-139,12,-8,-159,-73,-53,-150,-29,-20
Q45882,-520,-652,-63,-639,-1576,-440,-674,-788,-863,-465,-613,-690,-744,-586,-868,-112,-19,-1427,-396,-552
P11001,-581,-1381,-172,-780,-3329,-389,-714,-1505,-1427,-1983,-2089,-484,-1501,-1846,-2210,-194,-269,-2294,-845,-1569
Q6YPH3,-616,-751,-843,-784,-1591,-736,-533,-1172,-969,-721,-771,-619,-712,-872,-1269,-782,-646,-1683,-968,-748
P0C047,-51,-86,-86,-88,-219,4,-34,-142,-130,-142,-159,-35,-74,-198,-167,-42,-75,-262,-148,-105
Q59634,-166,-583,-298,-548,-1651,-320,-445,-826,-701,-845,-828,-357,-570,-1043,-934,-53,-51,-1395,-611,-653
P43439,-386,-569,-720,-847,-1503,-457,-285,-981,-874,-344,-259,-393,-305,-501,-1173,-386,-477,-1522,-671,-342
P24011,-250,-505,-314,-462,-754,-333,-339,-565,-454,-236,-289,-359,-145,-343,-535,-190,-144,-682,-340,-269
P22346,-415,-819,-601,-614,-1778,-420,-548,-1178,-764,-978,-899,-555,-771,-1119,-1051,-390,-263,-1657,-870,-796
A5HZZ9,-1204,-1267,28,-884,-2875,-806,-745,-2099,-1580,-917,-1296,-553,-1137,-1366,-2016,-369,-467,-2898,-920,-1151
P19368,-344,-426,-366,-418,-758,-326,-385,-628,-356,-409,-402,-346,-360,-470,-623,-370,-319,-712,-410,-396
O31760,-355,-526,-510,-626,-1224,-426,-378,-758,-521,-344,-470,-338,-342,-674,-753,-306,-310,-1357,-637,-341
O08362,-372,-495,-755,-768,-1225,-618,-605,-927,-497,-598,-452,-682,-357,-611,-872,-539,-477,-1110,-845,-539
P0A670,-19,-246,-139,-214,-370,-108,-184,-230,-291,-212,-202,-162,-175,-395,-223,-10,-38,-581,-331,-147
O68575,-264,-234,-325,-364,-686,-338,-265,-563,-401,-233,-256,-250,-258,-417,-556,-358,-321,-790,-396,-285
P37386,-151,-1025,-1011,-1167,-1458,-791,-833,-1124,-1280,-398,-625,-801,-505,-1155,-1428,-429,-341,-2041,-1335,-286
P20910,-115,-534,-385,-619,-882,-392,-473,-538,-731,-822,-781,-459,-517,-989,-656,-23,-71,-1197,-820,-593
P37105,-328,-501,-528,-595,-1291,-333,-368,-807,-854,-457,-486,-234,-271,-847,-970,-369,-362,-1483,-887,-476
P23453,-220,-241,-215,-232,-749,-180,-123,-505,-419,-184,-274,-150,-168,-394,-438,-103,-112,-847,-427,-186
Q9ZEP5,19,-204,-170,-179,-378,-129,-121,-181,-287,-317,-343,-139,-235,-421,-213,-5,-63,-552,-324,-174
P49022,-247,-491,-109,-413,-2041,224,325,-1396,-991,-718,-530,204,-630,-1444,-1584,-115,-220,-2240,-1186,-726
Q8GFE2,-67,-360,-209,-333,-604,-128,-208,-416,-429,-390,-427,-105,-300,-559,-348,-9,-10,-731,-407,-227
P82599,27,-82,-42,-42,-175,-28,-21,-13,-122,-140,-148,-9,-106,-195,-116,-3,-42,-230,-162,-107
P0A3S3,-93,-204,-125,-310,-516,-97,-158,-342,-322,-382,-337,-125,-216,-489,-373,-5,-91,-618,-357,-258
P28618,-123,-353,-340,-353,-538,-260,-233,-385,-363,-247,-326,-276,-302,-502,-416,-245,-198,-709,-416,-216
P54493,-258,-605,-617,-807,-1010,-381,-490,-734,-636,-417,-360,-504,-266,-431,-776,-240,-341,-778,-454,-371
P30195,-816,-755,-477,-864,-1985,-413,-381,-1811,-872,-832,-820,-354,-601,-949,-1561,-366,-416,-2014,-636,-859
P46713,-190,-508,-407,-462,-765,-441,-431,-578,-531,-418,-504,-365,-418,-715,-704,-265,-207,-1042,-627,-285
Q9L523,-206,-320,-413,-495,-1327,-109,-268,-762,-432,-172,-245,-427,-105,-594,-974,-191,-213,-1198,-602,-276
P25051,-276,-694,-734,-700,-941,-592,-509,-748,-765,-464,-583,-607,-573,-767,-888,-484,-517,-1269,-786,-453
P29422,-290,-511,-440,-574,-1313,-344,-431,-840,-515,-828,-826,-490,-672,-779,-684,-370,-381,-1218,-680,-639
P60158,86,-269,-27,-181,-475,63,-84,-184,-209,-394,-417,-165,-274,-482,-272,91,23,-516,-312,-269
Q8G4D8,-867,-1405,-1385,-1252,-2666,-1288,-916,-1992,-1576,-1252,-1456,-1028,-1324,-1650,-1881,-1276,-1014,-2148,-1496,-1163
Q0TV31,-212,-360,-105,-265,-829,-186,-194,-532,-317,-528,-560,-109,-383,-505,-635,-106,-112,-717,-263,-445
Q05044,27,-455,-262,-522,-720,-337,-402,-441,-633,-611,-602,-326,-428,-749,-692,100,71,-968,-583,-355
Q9KWG2,-120,-406,-507,-517,-860,-357,-375,-507,-572,-388,-435,-396,-375,-674,-750,-273,-293,-983,-619,-347
Q45066,-594,-681,-717,-868,-2016,-582,-489,-1380,-1204,-759,-907,-427,-799,-1409,-1456,-529,-537,-2285,-1238,-727
Q9CD58,-448,-726,-892,-994,-2122,-491,-494,-1045,-1103,-924,-951,-522,-819,-1412,-676,-466,-615,-2064,-1237,-814
P0C1U8,-72,-326,-18,-180,-699,-163,-187,-239,-375,-374,-465,-143,-410,-538,-236,35,-3,-809,-426,-273
Q5FIJ4,-279,-384,-297,-334,-706,-292,-246,-496,-500,-287,-418,-223,-283,-510,-532,-256,-166,-783,-465,-204
Q45070,-125,-452,-220,-418,-842,-239,-384,-410,-355,-430,-399,-313,-271,-485,-529,-82,-72,-608,-311,-352
P35155,-178,-261,-262,-262,-539,-147,-114,-433,-339,-232,-220,-146,-239,-404,-414,-170,-177,-618,-351,-241
P11959,-137,-555,-479,-547,-866,-468,-382,-537,-396,-401,-536,-422,-392,-569,-783,-375,-311,-1106,-546,-271
P54104,-61,-775,-706,-937,-775,-613,-768,-573,-811,-90,-120,-597,-130,-325,-772,-233,-155,-889,-474,-92
P27580,-39,-231,-415,-387,-782,-228,-180,-497,-459,-416,-340,-339,-226,-684,-492,-176,-144,-1046,-620,-251
P50002,-376,-697,-765,-796,-1348,-555,-546,-826,-968,-631,-700,-630,-524,-1042,-1001,-455,-430,-1612,-940,-525
P31141,107,-975,-868,-1291,-679,-793,-1142,-209,-991,92,103,-1027,116,138,-688,-146,-165,-447,-379,23
P0A4L0,-253,-514,-173,-473,-1202,-275,-273,-834,-653,-744,-829,-211,-553,-979,-782,-30,-61,-1403,-698,-542
Q02113,-120,-622,-337,-662,-1213,-349,-422,-781,-792,-626,-720,-280,-476,-936,-817,19,3,-1445,-667,-444
Q5FKI4,-723,-987,-1067,-1082,-2020,-870,-699,-1512,-1247,-1039,-1080,-814,-915,-1291,-1536,-956,-848,-2161,-1363,-1053
O32242,-50,-71,-101,-132,-172,-59,-77,-195,-120,-101,-70,-64,-82,-180,-200,-63,-65,-257,-129,-94
P46831,-28,-437,-589,-558,-1178,-259,-292,-728,-637,-700,-679,-357,-475,-846,-758,-261,-289,-1215,-714,-568
P68575,-71,-93,-80,-91,-226,-40,-11,-182,-114,-132,-130,-49,-78,-166,-136,-40,-60,-232,-130,-95
O87236,-43,-78,-27,-47,-77,-37,-33,-81,-68,-91,-87,-55,-53,-86,-105,-11,-15,-92,-71,-72
P34020,-66,-324,-185,-304,-631,-152,-244,-258,-360,-385,-396,-193,-293,-379,-468,-51,-120,-539,-199,-303
P54322,-153,-469,-548,-556,-786,-494,-460,-538,-611,-443,-471,-449,-519,-708,-739,-424,-425,-1041,-665,-384
P00343,-158,-627,-499,-599,-911,-509,-488,-608,-697,-396,-530,-441,-434,-790,-839,-307,-338,-1163,-776,-277
P01552,-224,-215,-47,-162,-585,-115,-106,-379,-237,-237,-266,-12,-206,-276,-402,-87,-79,-580,-183,-236
Q97EB7,-653,-774,-917,-894,-1753,-735,-555,-1345,-941,-905,-921,-690,-707,-1044,-1313,-823,-711,-1722,-1052,-885
P21625,-5,-224,-163,-241,-398,-129,-118,-340,-352,-214,-257,-108,-182,-432,-313,-21,11,-634,-367,-87
P39215,142,-205,-345,-348,-1694,194,125,-849,-678,-520,-402,-158,-397,-1118,-1216,-50,-64,-1707,-1045,-391
P40859,18,-328,-509,-494,-776,-308,-403,-419,-328,-462,-344,-505,-501,-562,-572,-268,-315,-791,-531,-389
P0A5I8,33,-246,-144,-162,-434,-118,-165,-199,-338,-234,-252,-126,-170,-447,-233,-3,49,-597,-399,-136
P25959,-106,-103,-141,-194,-269,-51,-98,-249,-141,-135,-119,-96,-80,-178,-247,-88,-60,-284,-120,-111
Q4A5X2,-368,-543,-733,-717,-1272,-479,-392,-954,-828,-604,-506,-518,-603,-834,-1152,-537,-593,-1547,-815,-607
P43131,-94,-307,-288,-345,-611,-173,-147,-461,-470,-331,-344,-199,-205,-561,-434,-98,-114,-826,-479,-169
O34894,-211,49,-249,-213,-1609,518,778,-1385,-458,-703,-293,479,-406,-1365,-1593,-269,-369,-1852,-1083,-696
Q97R46,-310,-720,-606,-728,-1136,-658,-628,-791,-735,-539,-794,-614,-683,-1045,-1030,-559,-541,-1533,-920,-420
P40875,14,-346,-607,-546,-781,-363,-478,-443,-331,-550,-418,-577,-497,-659,-512,-331,-322,-778,-595,-412
P37948,54,-1053,-857,-1386,-675,-847,-1264,-284,-1044,95,73,-1112,141,199,-754,-143,-187,-408,-333,-23
P00512,-187,-532,-486,-563,-712,-497,-487,-535,-559,-368,-505,-444,-404,-671,-865,-355,-342,-1078,-583,-322
P39043,-115,-236,-205,-288,-579,-144,-216,-293,-293,-288,-318,-149,-215,-364,-326,-49,-82,-558,-237,-216
Q08352,-49,-410,-357,-374,-748,-307,-250,-441,-452,-285,-352,-237,-306,-559,-450,-190,-159,-969,-462,-231
P0A5Q2,-3,-214,-177,-224,-248,-136,-159,-196,-272,-135,-154,-164,-91,-258,-193,-37,-13,-355,-232,-59
Q04664,-280,-379,-484,-617,-816,-361,-482,-720,-586,-271,-261,-363,-185,-379,-745,-261,-194,-802,-372,-236
P0A2X4,-221,-163,-175,-256,-460,-176,-196,-397,-260,-244,-236,-161,-256,-251,-361,-147,-150,-501,-243,-251
Q9X895,-196,-297,-507,-261,-1330,-399,-32,-729,-525,-505,-550,-228,-501,-515,-666,-401,-452,-850,-312,-475
P81594,-133,-308,-335,-422,-783,-206,-195,-441,-516,-493,-541,-196,-370,-608,-459,-160,-218,-780,-485,-403
P0A564,36,-77,-40,-80,-194,19,-26,-78,-67,-134,-123,-77,-58,-182,-194,3,-23,-193,-125,-96
Q02114,-110,-473,-289,-549,-1005,-344,-402,-642,-606,-450,-502,-272,-423,-769,-740,-90,-93,-1233,-568,-368
P26379,-12,-162,-136,-140,-236,-61,-73,-200,-147,-131,-127,-98,-63,-231,-223,-49,-66,-326,-215,-96
P0A0I7,-188,-233,-338,-288,-609,-218,-173,-504,-303,-168,-185,-208,-140,-424,-472,-244,-172,-744,-382,-164
Q50367,-102,-397,-118,-260,-613,-212,-210,-401,-476,-403,-447,-166,-303,-609,-543,30,54,-875,-517,-275
Q7A338,-164,-321,-210,-207,-621,-242,-208,-302,-341,-335,-341,-240,-294,-395,-308,-112,-113,-651,-347,-232
O66043,-367,-470,-481,-671,-1152,-384,-562,-905,-531,-310,-326,-445,-380,-482,-947,-329,-350,-941,-443,-362
Q59280,-163,-826,-790,-796,-941,-767,-750,-758,-964,-742,-830,-705,-723,-1087,-1086,-409,-399,-1551,-1114,-548
O32130,-240,-324,-270,-367,-795,-208,-271,-415,-389,-438,-483,-232,-320,-520,-514,-175,-239,-751,-329,-354
P42983,-52,-116,-118,-128,-255,-64,-69,-156,-156,-199,-193,-81,-120,-241,-175,-31,-73,-304,-180,-141
Q2RKH8,-75,-405,-696,-626,-935,-496,-481,-646,-665,-434,-483,-510,-292,-899,-650,-391,-392,-1327,-913,-326
P06632,-213,-415,-415,-451,-647,-301,-304,-571,-397,-403,-373,-318,-334,-523,-571,-261,-289,-776,-445,-330
Q59111,-69,-278,-293,-334,-600,-195,-195,-315,-369,-310,-330,-197,-240,-426,-410,-156,-135,-634,-332,-234
P55179,-268,-546,-437,-476,-1003,-379,-299,-619,-546,-541,-601,-327,-450,-767,-726,-314,-253,-1244,-638,-436
Q79VE8,-78,-393,-350,-381,-774,-269,-260,-373,-475,-379,-387,-273,-287,-553,-392,-142,-128,-764,-470,-282
P12667,-59,-144,-132,-128,-280,-82,-92,-184,-180,-175,-203,-106,-125,-248,-195,-38,-65,-347,-196,-129
Q46134,-117,-160,-104,-219,-507,-73,-133,-326,-290,-248,-269,-31,-164,-331,-330,-38,-56,-549,-220,-211
P26380,-61,-143,-131,-169,-342,-81,-117,-277,-233,-124,-159,-89,-90,-273,-254,-83,-46,-437,-259,-72
P20487,-125,-60,-72,-130,-336,48,26,-296,-114,-195,-149,9,-41,-209,-256,-44,-116,-336,-143,-149
P65561,-275,-963,-916,-1147,-919,-827,-961,-697,-987,-188,-138,-901,-97,-246,-748,-444,-415,-696,-544,-241
P33116,-467,-1016,-1029,-1412,-1731,-822,-1126,-1259,-1312,-454,-475,-1050,-506,-792,-1758,-512,-574,-1763,-1087,-550
Q93PS3,-32,-636,-665,-719,-1160,-450,-640,-732,-476,-596,-527,-760,-588,-866,-678,-398,-401,-1153,-874,-457
P0A0A5,-234,-280,-170,-255,-913,-152,-110,-585,-282,-479,-434,-85,-302,-443,-590,-173,-174,-785,-247,-402
P38536,-652,-1842,-628,-1157,-3889,-1090,-1212,-1666,-1580,-2033,-2211,-1374,-1712,-2211,-2186,-420,-308,-3016,-1397,-1518
P20805,-200,-475,-411,-443,-784,-425,-365,-508,-499,-525,-566,-386,-440,-578,-549,-258,-305,-919,-491,-457
P0A5P8,38,-203,-144,-201,-288,-105,-152,-160,-230,-152,-160,-139,-88,-273,-129,5,-11,-421,-252,-85
P37552,-32,-200,-137,-189,-267,-125,-131,-219,-200,-124,-175,-111,-129,-231,-208,-91,-70,-383,-223,-76
P46807,-74,-503,-546,-582,-855,-517,-458,-518,-420,-469,-452,-544,-443,-631,-697,-313,-311,-1131,-553,-338
A6QIG7,-89,-104,-78,-181,-303,-74,-66,-231,-143,-207,-165,-39,-108,-202,-226,-27,-51,-333,-143,-151
P42014,-178,-603,-741,-746,-1350,-431,-324,-952,-919,-542,-571,-506,-461,-1032,-989,-447,-449,-1664,-983,-467
P35596,-112,-337,-529,-479,-1063,-308,-291,-557,-519,-568,-509,-364,-474,-824,-646,-249,-252,-1103,-648,-427
P31306,-69,-456,-267,-366,-1488,-174,-325,-636,-696,-677,-605,-170,-516,-712,-461,-148,-183,-1008,-475,-483
P28598,-378,-1144,-1047,-1070,-1812,-891,-763,-1211,-1485,-1014,-1157,-768,-934,-1731,-1542,-703,-657,-2300,-1643,-748
Q6YP15,-299,-408,-380,-500,-665,-390,-434,-502,-427,-388,-399,-330,-413,-517,-622,-358,-417,-726,-515,-405
P54178,-132,-211,-154,-136,-374,-123,-114,-277,-215,-150,-168,-78,-147,-192,-233,-97,-87,-451,-186,-134
P29761,-271,-543,-357,-525,-1341,-399,-344,-800,-690,-585,-607,-315,-425,-740,-878,-140,-262,-1138,-464,-497
P24943,-53,-924,-813,-1058,-931,-740,-889,-676,-986,-147,-186,-787,-219,-528,-936,-340,-240,-1257,-828,-72
P08656,-90,-167,-161,-253,-221,-138,-174,-206,-222,-139,-123,-142,-92,-186,-223,-102,-74,-287,-175,-127
P75409,-339,-542,-406,-615,-1114,-254,-353,-867,-568,-751,-734,-434,-454,-789,-795,-157,-242,-1161,-544,-569
P09401,-78,-392,-331,-410,-890,-233,-306,-476,-443,-566,-511,-264,-376,-678,-566,-119,-110,-980,-512,-414
P10335,-149,-476,137,-210,-1495,111,57,-757,-568,-830,-903,98,-742,-1152,-338,190,172,-1646,-817,-564
P46105,138,-1066,-933,-1344,-903,-791,-1172,-378,-1138,42,-29,-1117,44,-25,-769,-97,-146,-568,-469,-30
P0A334,-81,-149,-226,-313,-260,-166,-216,-253,-195,-69,-52,-198,-24,-73,-314,-85,-56,-276,-122,-72
Q02251,-586,-2771,-2757,-3049,-4093,-2222,-2804,-3299,-2322,-2701,-2681,-3106,-2230,-3720,-3599,-785,-1325,-5505,-3841,-2006
Q08430,-290,-337,-539,-620,-956,-255,-338,-834,-471,-199,-196,-499,-153,-549,-829,-295,-281,-1009,-568,-261
P54544,-183,-467,-442,-664,-762,-253,-516,-538,-538,-97,-96,-332,44,-137,-493,-239,-193,-452,-278,-193
P50012,-202,-713,-539,-780,-730,-542,-640,-449,-492,-9,-5,-621,4,-24,-571,-260,-174,-502,-359,-112
P0A4V0,-200,-431,-435,-514,-960,-309,-317,-700,-517,-355,-399,-398,-424,-656,-772,-391,-313,-1161,-565,-274
P09616,-184,-212,1,-211,-674,-113,-176,-377,-281,-380,-420,-53,-302,-431,-449,19,14,-649,-262,-313
P16449,-176,-329,-373,-501,-389,-277,-343,-438,-356,-108,-75,-335,-44,-92,-441,-206,-143,-330,-154,-113
Q8XMP3,-605,-732,-885,-765,-1662,-800,-529,-1286,-936,-816,-854,-600,-809,-1045,-1142,-778,-735,-1620,-981,-816
Q79VE9,-343,-821,-727,-938,-1157,-619,-749,-798,-699,-364,-335,-735,-255,-489,-811,-399,-337,-986,-536,-412
Q8G7W9,-442,-453,-572,-578,-1203,-431,-251,-876,-546,-541,-598,-312,-413,-676,-963,-536,-491,-1136,-580,-553
P39127,-82,-194,-488,-495,-751,-262,-324,-649,-293,-318,-165,-469,-239,-459,-518,-263,-282,-749,-529,-260
P50589,-143,-238,-282,-297,-406,-227,-186,-333,-279,-218,-264,-191,-192,-337,-392,-188,-214,-524,-352,-210
P63713,-364,-525,-826,-880,-1358,-660,-694,-1045,-602,-693,-520,-689,-392,-723,-896,-527,-484,-1268,-919,-564
P30234,-44,-432,-368,-418,-755,-302,-261,-434,-412,-291,-347,-261,-283,-545,-463,-170,-169,-941,-458,-250
P0A512,-702,-765,-829,-1108,-1383,-815,-895,-1275,-630,-709,-577,-732,-419,-698,-1231,-609,-640,-1459,-955,-690
P06886,-192,-181,-38,-138,-545,-72,-102,-309,-210,-199,-259,6,-191,-276,-333,-45,-12,-531,-160,-195
Q01467,-167,-297,-311,-411,-324,-253,-308,-429,-282,-54,-38,-304,-12,-73,-376,-211,-123,-373,-130,-65
P13692,39,-143,-102,-243,-1317,338,351,-745,-551,-678,-534,230,-493,-1188,-681,104,84,-1534,-933,-517
P39804,-83,-87,-83,-104,-264,7,8,-214,-116,-158,-149,-35,-74,-163,-183,-36,-66,-260,-115,-108
Q46338,43,-225,-233,-275,-333,-137,-144,-230,-294,-207,-186,-194,-131,-337,-246,-40,-53,-481,-308,-119
Q9Z4P6,-182,-636,-500,-639,-1112,-321,-256,-791,-782,-561,-638,-333,-402,-1046,-755,-205,-246,-1576,-859,-351
Q9CJ45,-223,-294,-257,-341,-631,-259,-201,-476,-442,-284,-297,-201,-226,-490,-578,-175,-166,-771,-471,-260
Q2FZE2,-64,-82,-78,-78,-279,-35,-17,-153,-91,-144,-153,-22,-101,-144,-174,-57,-42,-230,-121,-101
P60611,-169,-251,-395,-330,-596,-270,-269,-521,-333,-177,-186,-263,-139,-454,-521,-273,-215,-802,-453,-140
P38645,-658,-884,-688,-823,-1509,-794,-763,-1031,-728,-883,-935,-706,-792,-828,-1252,-575,-676,-1367,-648,-870
P56220,-107,-329,-221,-296,-602,-297,-260,-270,-389,-243,-406,-252,-344,-590,-506,-199,-166,-797,-524,-143
P21608,-68,-718,-634,-865,-771,-554,-685,-548,-752,-94,-171,-550,-49,-339,-819,-236,-193,-963,-455,-82
P34959,-67,-209,-150,-236,-265,-138,-173,-168,-109,-76,-75,-161,-24,-55,-243,-73,-80,-233,-83,-81
A2RMA8,-136,-824,-741,-1093,-799,-666,-894,-603,-902,-75,-96,-711,-21,-114,-858,-220,-228,-834,-479,-127
P35165,-41,-34,-255,-177,-483,-69,-96,-347,-200,-228,-159,-142,-177,-327,-357,-122,-111,-499,-234,-199
P28612,-50,-164,-158,-189,-584,-88,-114,-330,-329,-279,-293,-90,-235,-423,-264,-54,-78,-632,-336,-195
P0A4D8,-627,-621,-876,-931,-1543,-611,-684,-1248,-968,-844,-828,-399,-681,-1219,-1314,-546,-614,-1976,-1217,-757
Q9X3P3,-405,-1025,-1094,-1383,-1528,-955,-1099,-1312,-1047,-608,-569,-1045,-637,-908,-1426,-689,-596,-1632,-929,-547
Q8VL79,-50,-58,-44,-73,-112,-30,-33,-111,-90,-59,-61,-9,-16,-91,-105,-35,-39,-133,-72,-51
P82593,-225,-781,-454,-677,-1538,-513,-512,-779,-880,-1027,-991,-595,-695,-1148,-1074,-113,-140,-1445,-816,-726
P25958,-87,-156,-135,-161,-256,-52,-103,-210,-135,-148,-149,-120,-80,-213,-240,-74,-75,-324,-154,-125
O86963,-62,-327,-560,-458,-1046,-329,-271,-517,-483,-597,-503,-389,-480,-843,-660,-257,-271,-1130,-625,-424
P36948,-4,-587,-493,-749,-631,-472,-635,-299,-730,28,-10,-546,-7,-106,-649,-177,-145,-635,-332,-3
P46349,-21,-1091,-742,-1276,-761,-874,-1109,-440,-1051,85,-89,-941,-108,40,-882,-228,-202,-549,-351,-22
Q59331,-321,-739,-688,-791,-1115,-656,-574,-798,-744,-556,-692,-566,-637,-955,-1029,-492,-511,-1411,-879,-523
Q8DS12,-75,-530,-448,-475,-937,-314,-225,-625,-694,-486,-556,-213,-430,-823,-805,-298,-346,-1256,-844,-326
P28628,-176,-188,-146,-239,-423,-189,-189,-304,-217,-163,-221,-119,-172,-177,-240,-128,-140,-390,-194,-130
P46922,-58,-326,-236,-261,-589,-155,-160,-396,-388,-312,-369,-155,-205,-468,-418,-91,-98,-597,-348,-239
P42432,-21,-796,-755,-1236,-732,-736,-1084,-412,-910,-52,-22,-886,46,5,-795,-167,-223,-525,-424,-120
Q9F0R1,-99,-71,-61,-104,-254,-28,-42,-260,-108,-73,-81,3,-65,-116,-223,-59,-44,-255,-66,-87
P47722,-20,-373,-389,-362,-540,-353,-302,-417,-467,-305,-357,-283,-341,-577,-545,-247,-208,-767,-517,-204
P13485,-596,-517,-468,-663,-1607,-344,-339,-1345,-642,-748,-721,-228,-497,-766,-1146,-325,-410,-1624,-484,-656
O87237,-26,-63,-38,-55,-92,-37,-31,-95,-87,-85,-78,-38,-50,-124,-83,-2,-2,-166,-105,-60
P39652,-173,-649,-206,-553,-1133,-305,-427,-586,-561,-733,-854,-456,-502,-854,-723,12,-67,-1192,-581,-542
P20166,-133,-1114,-822,-1107,-1552,-692,-871,-747,-1063,-242,-474,-703,-340,-620,-1038,-425,-293,-1553,-871,-253
